attempts,contacts,global_seed,index,params.object.euler,params.object.pos,params.spoon1.euler,params.spoon1.pos,scene,scene_seed,scene_type
1,11,0,1,0 0 -0.43689825,0.63309875 -0.0080698849 0.22,1.5708 1.84523 1.5708,0.64411763 0.19661763 0.27,mujoco_scenes/ood_scenes/wire_spoon/wire_spoon_ood_001.xml,3626764237,wire_spoon
1,11,0,2,0 0 -0.29171933,0.54909805 -0.016160794 0.22,1.5708 1.9539679 1.5708,0.65874496 0.01958524 0.27,mujoco_scenes/ood_scenes/wire_spoon/wire_spoon_ood_002.xml,1806341205,wire_spoon
1,11,0,3,0 0 0.70840003,0.66316409 -0.18424523 0.22,1.5708 1.2677386 1.5708,0.59506617 0.032400768 0.27,mujoco_scenes/ood_scenes/wire_spoon/wire_spoon_ood_003.xml,2195908194,wire_spoon
1,11,0,4,0 0 0.37904492,0.53963881 -0.085779461 0.22,1.5708 1.3042388 1.5708,0.63648719 0.097369126 0.27,mujoco_scenes/ood_scenes/wire_spoon/wire_spoon_ood_004.xml,2046968324,wire_spoon
1,11,0,5,0 0 -0.43554346,0.63377586 -0.17158504 0.22,1.5708 1.8190397 1.5708,0.59540094 0.12089837 0.27,mujoco_scenes/ood_scenes/wire_spoon/wire_spoon_ood_005.xml,3900315155,wire_spoon
1,11,0,6,0 0 -0.55419154,0.70393043 -0.12016768 0.22,1.5708 1.2801765 1.5708,0.59098753 0.17785687 0.27,mujoco_scenes/ood_scenes/wire_spoon/wire_spoon_ood_006.xml,2167613558,wire_spoon
1,11,0,7,0 0 0.49366903,0.6821845 -0.089264554 0.22,1.5708 1.3113185 1.5708,0.56545068 0.037550505 0.27,mujoco_scenes/ood_scenes/wire_spoon/wire_spoon_ood_007.xml,1210484339,wire_spoon
1,11,0,8,0 0 -0.62215333,0.58512157 -0.19019763 0.22,1.5708 1.7898317 1.5708,0.60017171 0.072151052 0.27,mujoco_scenes/ood_scenes/wire_spoon/wire_spoon_ood_008.xml,3246154361,wire_spoon
1,11,0,9,0 0 0.57621033,0.71235481 -0.0052866739 0.22,1.5708 1.8885203 1.5708,0.52965732 0.15494799 0.27,mujoco_scenes/ood_scenes/wire_spoon/wire_spoon_ood_009.xml,3874773259,wire_spoon
1,11,0,10,0 0 -0.65643251,0.6406276 -0.11516822 0.22,1.5708 1.3395523 1.5708,0.51346524 0.17609676 0.27,mujoco_scenes/ood_scenes/wire_spoon/wire_spoon_ood_010.xml,1332073689,wire_spoon
1,11,0,11,0 0 -0.57325705,0.59036666 -0.19122605 0.22,1.5708 1.1943101 1.5708,0.56796658 0.10823107 0.27,mujoco_scenes/ood_scenes/wire_spoon/wire_spoon_ood_011.xml,3134603515,wire_spoon
1,11,0,12,0 0 -0.46544505,0.60901713 -0.086282543 0.22,1.5708 1.3254182 1.5708,0.61146 0.056736673 0.27,mujoco_scenes/ood_scenes/wire_spoon/wire_spoon_ood_012.xml,2937688618,wire_spoon
1,11,0,13,0 0 0.55813911,0.61664141 -0.16999272 0.22,1.5708 1.848162 1.5708,0.60756486 0.14825869 0.27,mujoco_scenes/ood_scenes/wire_spoon/wire_spoon_ood_013.xml,432508404,wire_spoon
1,11,0,14,0 0 -0.60722081,0.5402848 -0.087505984 0.22,1.5708 1.8682763 1.5708,0.65654032 0.0076367861 0.27,mujoco_scenes/ood_scenes/wire_spoon/wire_spoon_ood_014.xml,1864753826,wire_spoon
1,11,0,15,0 0 -0.74474652,0.63919381 -0.18224899 0.22,1.5708 1.9434429 1.5708,0.55663134 0.015324904 0.27,mujoco_scenes/ood_scenes/wire_spoon/wire_spoon_ood_015.xml,3921352636,wire_spoon
1,11,0,16,0 0 0.54753615,0.5498286 -0.10360506 0.22,1.5708 1.2844124 1.5708,0.53184529 0.12540881 0.27,mujoco_scenes/ood_scenes/wire_spoon/wire_spoon_ood_016.xml,2048741382,wire_spoon
1,11,0,17,0 0 0.25500479,0.57670269 -0.074949286 0.22,1.5708 1.8286263 1.5708,0.62861562 0.11199344 0.27,mujoco_scenes/ood_scenes/wire_spoon/wire_spoon_ood_017.xml,1118805955,wire_spoon
1,11,0,18,0 0 -0.28946316,0.56665758 -0.081693846 0.22,1.5708 1.3023169 1.5708,0.62130301 0.1065754 0.27,mujoco_scenes/ood_scenes/wire_spoon/wire_spoon_ood_018.xml,60308648,wire_spoon
1,11,0,19,0 0 -0.71620151,0.5884378 -0.11943651 0.22,1.5708 1.2798603 1.5708,0.54659021 0.0034109244 0.27,mujoco_scenes/ood_scenes/wire_spoon/wire_spoon_ood_019.xml,3726325546,wire_spoon
1,11,0,20,0 0 -0.70450539,0.56484681 -0.047428583 0.22,1.5708 1.273892 1.5708,0.6713615 0.061466478 0.27,mujoco_scenes/ood_scenes/wire_spoon/wire_spoon_ood_020.xml,3738645480,wire_spoon
1,11,0,21,0 0 -0.43220843,0.71711118 -0.042604775 0.22,1.5708 1.2323816 1.5708,0.6611601 0.10973494 0.27,mujoco_scenes/ood_scenes/wire_spoon/wire_spoon_ood_021.xml,2437440079,wire_spoon
1,11,0,22,0 0 -0.27110113,0.57260121 -0.088932892 0.22,1.5708 1.3105352 1.5708,0.53082145 0.04902394 0.27,mujoco_scenes/ood_scenes/wire_spoon/wire_spoon_ood_022.xml,4155553746,wire_spoon
1,11,0,23,0 0 -0.46695931,0.52353409 -0.028132188 0.22,1.5708 1.1725117 1.5708,0.50972194 0.10177461 0.27,mujoco_scenes/ood_scenes/wire_spoon/wire_spoon_ood_023.xml,1924014660,wire_spoon
1,11,0,24,0 0 -0.28389671,0.66088573 -0.079135043 0.22,1.5708 1.303735 1.5708,0.60390697 0.18114364 0.27,mujoco_scenes/ood_scenes/wire_spoon/wire_spoon_ood_024.xml,4006490763,wire_spoon
1,11,0,25,0 0 -0.71717863,0.57150195 -0.011585274 0.22,1.5708 1.9019006 1.5708,0.586405 0.15461507 0.27,mujoco_scenes/ood_scenes/wire_spoon/wire_spoon_ood_025.xml,468399889,wire_spoon
1,11,0,26,0 0 0.5414035,0.53045686 -0.13266753 0.22,1.5708 1.1867845 1.5708,0.52542706 0.19037612 0.27,mujoco_scenes/ood_scenes/wire_spoon/wire_spoon_ood_026.xml,2367674807,wire_spoon
1,11,0,27,0 0 0.73931638,0.53249733 -0.069133624 0.22,1.5708 1.2205583 1.5708,0.53058536 0.18925933 0.27,mujoco_scenes/ood_scenes/wire_spoon/wire_spoon_ood_027.xml,3034658173,wire_spoon
1,11,0,28,0 0 0.40714698,0.66579134 -0.10861458 0.22,1.5708 1.2441537 1.5708,0.54033774 0.18194443 0.27,mujoco_scenes/ood_scenes/wire_spoon/wire_spoon_ood_028.xml,2351240810,wire_spoon
1,11,0,29,0 0 0.69026768,0.62896368 -0.12236212 0.22,1.5708 1.2479609 1.5708,0.61967681 0.020553042 0.27,mujoco_scenes/ood_scenes/wire_spoon/wire_spoon_ood_029.xml,2320500417,wire_spoon
1,11,0,30,0 0 -0.61627087,0.6668484 -0.16976153 0.22,1.5708 1.8932494 1.5708,0.50178237 0.14987504 0.27,mujoco_scenes/ood_scenes/wire_spoon/wire_spoon_ood_030.xml,2523796087,wire_spoon
1,11,0,31,0 0 -0.54965161,0.55205718 -0.027029034 0.22,1.5708 1.9170888 1.5708,0.63870062 0.1049049 0.27,mujoco_scenes/ood_scenes/wire_spoon/wire_spoon_ood_031.xml,1911213317,wire_spoon
1,11,0,32,0 0 -0.55328187,0.68411601 -0.081581226 0.22,1.5708 1.361459 1.5708,0.56010689 0.16877965 0.27,mujoco_scenes/ood_scenes/wire_spoon/wire_spoon_ood_032.xml,1653137829,wire_spoon
1,11,0,33,0 0 -0.56946026,0.67682991 -0.053844656 0.22,1.5708 1.7935557 1.5708,0.67101132 0.1551449 0.27,mujoco_scenes/ood_scenes/wire_spoon/wire_spoon_ood_033.xml,2472402290,wire_spoon
1,11,0,34,0 0 -0.25899693,0.64384946 -0.1060057 0.22,1.5708 1.1788564 1.5708,0.60772489 0.013438638 0.27,mujoco_scenes/ood_scenes/wire_spoon/wire_spoon_ood_034.xml,1246955724,wire_spoon
1,11,0,35,0 0 0.47868525,0.7158567 -0.18803786 0.22,1.5708 1.854134 1.5708,0.61743262 0.08495023 0.27,mujoco_scenes/ood_scenes/wire_spoon/wire_spoon_ood_035.xml,801997237,wire_spoon
1,11,0,36,0 0 -0.42779495,0.66466178 -0.18146413 0.22,1.5708 1.3593222 1.5708,0.61510295 0.044619599 0.27,mujoco_scenes/ood_scenes/wire_spoon/wire_spoon_ood_036.xml,2820330615,wire_spoon
1,11,0,37,0 0 -0.66554784,0.55886304 -0.15624882 0.22,1.5708 1.2617551 1.5708,0.65960366 0.034519136 0.27,mujoco_scenes/ood_scenes/wire_spoon/wire_spoon_ood_037.xml,2046685052,wire_spoon
1,11,0,38,0 0 0.62443425,0.61538529 -0.044839849 0.22,1.5708 1.8246018 1.5708,0.59134612 0.15175764 0.27,mujoco_scenes/ood_scenes/wire_spoon/wire_spoon_ood_038.xml,3253884088,wire_spoon
1,11,0,39,0 0 0.70531434,0.6277279 -0.092718941 0.22,1.5708 1.8842467 1.5708,0.53047719 0.17499309 0.27,mujoco_scenes/ood_scenes/wire_spoon/wire_spoon_ood_039.xml,3765700075,wire_spoon
1,11,0,40,0 0 -0.32378002,0.62358416 -0.13768331 0.22,1.5708 1.9438426 1.5708,0.53615264 0.15906788 0.27,mujoco_scenes/ood_scenes/wire_spoon/wire_spoon_ood_040.xml,3965891272,wire_spoon
1,11,0,41,0 0 -0.37262514,0.53465458 -0.046555861 0.22,1.5708 1.8539533 1.5708,0.56668103 0.18135904 0.27,mujoco_scenes/ood_scenes/wire_spoon/wire_spoon_ood_041.xml,3618339112,wire_spoon
1,11,0,42,0 0 -0.36555204,0.69952292 -0.08696572 0.22,1.5708 1.7852639 1.5708,0.67150553 0.1619023 0.27,mujoco_scenes/ood_scenes/wire_spoon/wire_spoon_ood_042.xml,3485918757,wire_spoon
1,11,0,43,0 0 0.74322253,0.58079527 -0.12071852 0.22,1.5708 1.880788 1.5708,0.65915049 0.0060443417 0.27,mujoco_scenes/ood_scenes/wire_spoon/wire_spoon_ood_043.xml,3648514451,wire_spoon
1,11,0,44,0 0 -0.72438014,0.66968218 -0.10267711 0.22,1.5708 1.8277375 1.5708,0.50194026 0.11347127 0.27,mujoco_scenes/ood_scenes/wire_spoon/wire_spoon_ood_044.xml,4079209076,wire_spoon
1,11,0,45,0 0 0.33205385,0.574485 -0.11755684 0.22,1.5708 1.8192711 1.5708,0.60570724 0.12486411 0.27,mujoco_scenes/ood_scenes/wire_spoon/wire_spoon_ood_045.xml,2489771122,wire_spoon
1,11,0,46,0 0 0.2944691,0.63846866 -0.0049631 0.22,1.5708 1.2912933 1.5708,0.63200274 0.093170594 0.27,mujoco_scenes/ood_scenes/wire_spoon/wire_spoon_ood_046.xml,1935153793,wire_spoon
1,11,0,47,0 0 0.54373463,0.56766717 -0.14214861 0.22,1.5708 1.3551116 1.5708,0.63681762 0.098164838 0.27,mujoco_scenes/ood_scenes/wire_spoon/wire_spoon_ood_047.xml,3407305306,wire_spoon
1,11,0,48,0 0 0.69196848,0.60267064 -0.1372515 0.22,1.5708 1.288025 1.5708,0.5627999 0.11589171 0.27,mujoco_scenes/ood_scenes/wire_spoon/wire_spoon_ood_048.xml,353789296,wire_spoon
2,11,0,49,0 0 -0.28384523,0.61269025 -0.020919164 0.22,1.5708 1.8994681 1.5708,0.5068674 0.14269238 0.27,mujoco_scenes/ood_scenes/wire_spoon/wire_spoon_ood_049.xml,2706462215,wire_spoon
1,11,0,50,0 0 0.28475035,0.65632083 -0.10813393 0.22,1.5708 1.3099803 1.5708,0.60238389 0.14262726 0.27,mujoco_scenes/ood_scenes/wire_spoon/wire_spoon_ood_050.xml,3629580546,wire_spoon
